Common name,Scientific name,Group,Action,Notes
Alagoas Antwren,Myrmotherula snowi,Birds,1.1,
Asian Crested Ibis,Nipponia nippon,Birds,5.1,
Asian Crested Ibis,Nipponia nippon,Birds,5.2,
Asian Crested Ibis,Nipponia nippon,Birds,5.4,
Asian Crested Ibis,Nipponia nippon,Birds,1.1,
Asian Crested Ibis,Nipponia nippon,Birds,3.3,
Asian Crested Ibis,Nipponia nippon,Birds,4.3,
Asian Crested Ibis,Nipponia nippon,Birds,3.4,
Asian Crested Ibis,Nipponia nippon,Birds,6.4,
Bali Myna,Leucopsar rothschildi,Birds,1.1,
Bali Myna,Leucopsar rothschildi,Birds,2.1,
Bali Myna,Leucopsar rothschildi,Birds,3.3,
Bali Myna,Leucopsar rothschildi,Birds,3.4,
Bali Myna,Leucopsar rothschildi,Birds,5.1,
Bali Myna,Leucopsar rothschildi,Birds,5.2,
Bali Myna,Leucopsar rothschildi,Birds,5.4,
Bali Myna,Leucopsar rothschildi,Birds,6.1,
Bali Myna,Leucopsar rothschildi,Birds,6.5,
Black Stilt,Himantopus novaezelandiae,Birds,2.1,
Black Stilt,Himantopus novaezelandiae,Birds,2.2,
Black Stilt,Himantopus novaezelandiae,Birds,3.2,double clutching
Black Stilt,Himantopus novaezelandiae,Birds,3.3,
Black Stilt,Himantopus novaezelandiae,Birds,3.4,
California Condor,Gymnogyps californianus,Birds,5.1,
California Condor,Gymnogyps californianus,Birds,3.4,
California Condor,Gymnogyps californianus,Birds,3.3,
California Condor,Gymnogyps californianus,Birds,4.3,
California Condor,Gymnogyps californianus,Birds,3.2,food provisioning
California Condor,Gymnogyps californianus,Birds,2.3,provision of lead-free amunition
California Condor,Gymnogyps californianus,Birds,5.1,
California Condor,Gymnogyps californianus,Birds,1.1,
Echo Parakeet,Psittacula eques,Birds,3.3,
Echo Parakeet,Psittacula eques,Birds,3.4,
Echo Parakeet,Psittacula eques,Birds,3.2,
Echo Parakeet,Psittacula eques,Birds,2.2,
Echo Parakeet,Psittacula eques,Birds,1.1,
Echo Parakeet,Psittacula eques,Birds,2.1,
Fatu Hiva Monarch,Pomarea whitneyi,Birds,2.2,
Guadalupe Junco,Junco insularis,Birds,1.1,
Guadalupe Junco,Junco insularis,Birds,2.2,
Lear's Macaw,Anodorhynchus leari,Birds,5.1,
Lear's Macaw,Anodorhynchus leari,Birds,5.4,
Lear's Macaw,Anodorhynchus leari,Birds,2.1,
Lear's Macaw,Anodorhynchus leari,Birds,4.3,
Lear's Macaw,Anodorhynchus leari,Birds,6.4,
Lear's Macaw,Anodorhynchus leari,Birds,3.3,
Lear's Macaw,Anodorhynchus leari,Birds,3.4,
Magenta Petrel,Pterodroma magentae,Birds,2.2,
Magenta Petrel,Pterodroma magentae,Birds,1.1,
Magenta Petrel,Pterodroma magentae,Birds,2.1,fence
Magenta Petrel,Pterodroma magentae,Birds,3.2,"wooden burrows, translocation"
Malherbe’s Parakeet,Cyanoramphus malherbi,Birds,1.1,
Malherbe’s Parakeet,Cyanoramphus malherbi,Birds,2.2,
Malherbe’s Parakeet,Cyanoramphus malherbi,Birds,3.2,food provisioning
Malherbe’s Parakeet,Cyanoramphus malherbi,Birds,3.3,
Malherbe’s Parakeet,Cyanoramphus malherbi,Birds,3.4,
Malherbe’s Parakeet,Cyanoramphus malherbi,Birds,5.1,
Mangrove Finch,Geospiza heliobates,Birds,1.1,
Mangrove Finch,Geospiza heliobates,Birds,2.2,
Mangrove Finch,Geospiza heliobates,Birds,3.2,nest injection
Mangrove Finch,Geospiza heliobates,Birds,3.3,
Mangrove Finch,Geospiza heliobates,Birds,3.4,
Mariana Crow,Corvus kubaryi,Birds,2.2,
Mariana Crow,Corvus kubaryi,Birds,3.3,
Mariana Crow,Corvus kubaryi,Birds,3.4,
Northern Bald Ibis,Geronticus eremita,Birds,5.1,
Northern Bald Ibis,Geronticus eremita,Birds,1.1,
Northern Bald Ibis,Geronticus eremita,Birds,6.1,
Northern Bald Ibis,Geronticus eremita,Birds,3.2,
Northern Bald Ibis,Geronticus eremita,Birds,2.1,
Northern Bald Ibis,Geronticus eremita,Birds,3.4,
Northern Bald Ibis,Geronticus eremita,Birds,3.3,
Northern Bald Ibis,Geronticus eremita,Birds,4.3,
Orange-bellied Parrot,Neophema chrysogaster,Birds,2.1,
Orange-bellied Parrot,Neophema chrysogaster,Birds,3.3,
Orange-bellied Parrot,Neophema chrysogaster,Birds,3.4,
Orange-bellied Parrot,Neophema chrysogaster,Birds,4.1,
Orange-bellied Parrot,Neophema chrysogaster,Birds,4.3,
Orange-bellied Parrot,Neophema chrysogaster,Birds,5.1,
Pale-headed Brush-finch,Atlapetes pallidiceps,Birds,1.1,
Pale-headed Brush-finch,Atlapetes pallidiceps,Birds,2.2,
Pale-headed Brush-finch,Atlapetes pallidiceps,Birds,2.1,
Pink Pigeon,Nesoenas mayeri,Birds,3.3,
Pink Pigeon,Nesoenas mayeri,Birds,3.4,
Pink Pigeon,Nesoenas mayeri,Birds,2.3,
Pink Pigeon,Nesoenas mayeri,Birds,2.2,
Pink Pigeon,Nesoenas mayeri,Birds,1.1,
Pink Pigeon,Nesoenas mayeri,Birds,3.2,
Puerto Rican Amazon,Amazona vittata,Birds,2.1,
Puerto Rican Amazon,Amazona vittata,Birds,2.2,
Puerto Rican Amazon,Amazona vittata,Birds,3.3,
Puerto Rican Amazon,Amazona vittata,Birds,3.4,
Rarotonga Monarch,Pomarea dimidiata,Birds,1.1,
Rarotonga Monarch,Pomarea dimidiata,Birds,6.1,
Rarotonga Monarch,Pomarea dimidiata,Birds,2.2,
Rarotonga Monarch,Pomarea dimidiata,Birds,3.2,
Red-billed Curassow,Crax blumenbachii,Birds,5.1,
Red-billed Curassow,Crax blumenbachii,Birds,1.1,
Red-billed Curassow,Crax blumenbachii,Birds,2.1,
Red-billed Curassow,Crax blumenbachii,Birds,3.4,
Red-billed Curassow,Crax blumenbachii,Birds,3.3,
Reunion Cuckooshrike,Lalage newtoni,Birds,1.1,
Reunion Cuckooshrike,Lalage newtoni,Birds,2.1,
Reunion Cuckooshrike,Lalage newtoni,Birds,2.2,
Seychelles Magpie-robin,Copsychus sechellarum,Birds,3.3,
Seychelles Magpie-robin,Copsychus sechellarum,Birds,2.2,
Seychelles Magpie-robin,Copsychus sechellarum,Birds,3.2,
Seychelles Magpie-robin,Copsychus sechellarum,Birds,2.3,
Seychelles Magpie-robin,Copsychus sechellarum,Birds,2.1,
Seychelles Magpie-robin,Copsychus sechellarum,Birds,5.2,
Southern Red-breasted Plover,Charadrius obscurus,Birds,2.2,
Tahiti Monarch,Pomarea nigra,Birds,1.1,
Tahiti Monarch,Pomarea nigra,Birds,2.1,
Tahiti Monarch,Pomarea nigra,Birds,2.2,
Yellow-eared Parrot,Ognorhynchus icterotis,Birds,1.1,
Yellow-eared Parrot,Ognorhynchus icterotis,Birds,2.3,
Yellow-eared Parrot,Ognorhynchus icterotis,Birds,3.2,
Yellow-eared Parrot,Ognorhynchus icterotis,Birds,4.3,
Yellow-eared Parrot,Ognorhynchus icterotis,Birds,4.2,
Yellow-eared Parrot,Ognorhynchus icterotis,Birds,5.4,
Yellow-eared Parrot,Ognorhynchus icterotis,Birds,2.1,
Zino's Petrel,Pterodroma madeira,Birds,1.1,
Zino's Petrel,Pterodroma madeira,Birds,2.2,
Zino's Petrel,Pterodroma madeira,Birds,3.2,
Zino's Petrel,Pterodroma madeira,Birds,2.3,
Black-footed Ferret,Mustela nigripes,Mammals,3.3,
Black-footed Ferret,Mustela nigripes,Mammals,3.4,
Black-footed Ferret,Mustela nigripes,Mammals,5.1,
Cat Ba Langur,Trachypithecus poliocephalus,Mammals,5.1,
Cat Ba Langur,Trachypithecus poliocephalus,Mammals,1.1,
Cat Ba Langur,Trachypithecus poliocephalus,Mammals,2.1,
Cat Ba Langur,Trachypithecus poliocephalus,Mammals,4.3,
Cat Ba Langur,Trachypithecus poliocephalus,Mammals,1.2,
Cat Ba Langur,Trachypithecus poliocephalus,Mammals,4.2,
Javan Rhinoceros,Rhinoceros sondaicus,Mammals,5.1,
Javan Rhinoceros,Rhinoceros sondaicus,Mammals,2.1,
Javan Rhinoceros,Rhinoceros sondaicus,Mammals,1.1,
Red Wolf,Canis rufus,Mammals,5.1,
Red Wolf,Canis rufus,Mammals,3.3,
Red Wolf,Canis rufus,Mammals,3.4,
Vaquita,Phocoena sinus,Mammals,5.1,
Vaquita,Phocoena sinus,Mammals,5.4,
Vaquita,Phocoena sinus,Mammals,2.1,
Vaquita,Phocoena sinus,Mammals,6.3,
Cao-vit Gibbon,Nomascus nasutus,Mammals,5.1,
Cao-vit Gibbon,Nomascus nasutus,Mammals,1.1,
Cao-vit Gibbon,Nomascus nasutus,Mammals,5.4,
Cao-vit Gibbon,Nomascus nasutus,Mammals,2.1,
Cao-vit Gibbon,Nomascus nasutus,Mammals,4.2,
Cao-vit Gibbon,Nomascus nasutus,Mammals,2.3,
Cao-vit Gibbon,Nomascus nasutus,Mammals,6.4,
Gilbert's Potoroo,Potorous gilbertii,Mammals,1.1,
Gilbert's Potoroo,Potorous gilbertii,Mammals,3.3,
Gilbert's Potoroo,Potorous gilbertii,Mammals,3.4,
Gilbert's Potoroo,Potorous gilbertii,Mammals,2.2,
Gilbert's Potoroo,Potorous gilbertii,Mammals,2.1,
Hainan Gibbon,Nomascus hainanus,Mammals,5.1,
Hainan Gibbon,Nomascus hainanus,Mammals,1.1,
Hainan Gibbon,Nomascus hainanus,Mammals,2.3,
Hainan Gibbon,Nomascus hainanus,Mammals,4.3,
Hainan Gibbon,Nomascus hainanus,Mammals,5.4,
Iberian Lynx,Lynx pardinus,Mammals,2.3,
Iberian Lynx,Lynx pardinus,Mammals,3.2,
Iberian Lynx,Lynx pardinus,Mammals,2.1,
Iberian Lynx,Lynx pardinus,Mammals,4.1,
Iberian Lynx,Lynx pardinus,Mammals,4.3,
Iberian Lynx,Lynx pardinus,Mammals,6.4,
Iberian Lynx,Lynx pardinus,Mammals,3.3,
Iberian Lynx,Lynx pardinus,Mammals,3.4,
Iberian Lynx,Lynx pardinus,Mammals,5.1,
Northern Hairy-nosed Wombat,Lasiorhinus krefftii,Mammals,5.1,
Northern Hairy-nosed Wombat,Lasiorhinus krefftii,Mammals,1.1,
Northern Hairy-nosed Wombat,Lasiorhinus krefftii,Mammals,3.3,
Northern Hairy-nosed Wombat,Lasiorhinus krefftii,Mammals,2.1,
Northern Hairy-nosed Wombat,Lasiorhinus krefftii,Mammals,2.2,
Northern Hairy-nosed Wombat,Lasiorhinus krefftii,Mammals,2.3,
Northern Idaho Ground Squirrel,Urocitellus brunneus,Mammals,3.3,
Northern Idaho Ground Squirrel,Urocitellus brunneus,Mammals,5.1,
Przewalski's Horse,Equus ferus,Mammals,5.1,
Przewalski's Horse,Equus ferus,Mammals,1.1,
Przewalski's Horse,Equus ferus,Mammals,3.3,
Przewalski's Horse,Equus ferus,Mammals,3.4,
Pygmy Hog,Porcula salvania,Mammals,3.3,
Pygmy Hog,Porcula salvania,Mammals,3.4,
Pygmy Hog,Porcula salvania,Mammals,4.3,
Pygmy Hog,Porcula salvania,Mammals,2.3,
Pygmy Hog,Porcula salvania,Mammals,4.2,
Pygmy Hog,Porcula salvania,Mammals,5.1,
Vancouver Island Marmot,Marmota vancouverensis,Mammals,5.1,
Vancouver Island Marmot,Marmota vancouverensis,Mammals,3.3,
Vancouver Island Marmot,Marmota vancouverensis,Mammals,3.4,
Socorro Dove ,Zenaida graysoni,Birds,3.4,
Socorro Dove ,Zenaida graysoni,Birds,2.2,
Socorro Dove ,Zenaida graysoni,Birds,2.3,
Guam Kingfisher,Todiramphus cinnamominus,Birds,3.4,
Alagoas Curassow,Mitu mitu,Birds,3.4,
Alagoas Curassow,Mitu mitu,Birds,5.1,
Spix's Macaw,Cyanopsitta spixii,Birds,3.4,
Spix's Macaw,Cyanopsitta spixii,Birds,5.1,
Spix's Macaw,Cyanopsitta spixii,Birds,1.1,
Spix's Macaw,Cyanopsitta spixii,Birds,2.2,
Spix's Macaw,Cyanopsitta spixii,Birds,4.3,
Hawaiian Crow,Corvus hawaiiensis,Birds,3.4,
Hawaiian Crow,Corvus hawaiiensis,Birds,2.2,
Hawaiian Crow,Corvus hawaiiensis,Birds,2.3,
Hawaiian Crow,Corvus hawaiiensis,Birds,4.3,
Père David's Deer,Elaphurus davidianus,Mammals,3.4,
Scimitar-horned Oryx,Oryx dammah,Mammals,3.4,
Scimitar-horned Oryx,Oryx dammah,Mammals,5.1,
Guam Rail,Hypotaenidia owstoni,Birds,3.4,
Guam Rail,Hypotaenidia owstoni,Birds,3.3,
Guam Rail,Hypotaenidia owstoni,Birds,2.2,
